TEŞVİK LİSTESİ ÖZET RAPORU;;;;;;;
;;;;;;;
Toplam Kayıt:;732;;Rapor Tarihi:;25.03.2026;;;
;;;;;;;
GM ID;Teşvik ID;Firma;Durum;İl;Proje Bedeli;Teşvik Miktarı;Oluşturma Tarihi
GM2026001;TES20260003;;taslak;;0;0;
GM2026001;TES20260004;;taslak;;0;0;
GM2026001;TES20260005;;taslak;;0;0;
GM2026001;TES20260006;;taslak;;0;0;
GM2026001;TES20260007;;taslak;;0;0;
GM2026001;TES20260008;;taslak;;0;0;
GM2026001;TES20260009;;taslak;;0;0;
GM2026001;TES20260010;;taslak;;0;0;
GM2026001;TES20260011;;taslak;;0;0;
GM2026001;TES20260012;;taslak;;0;0;
GM2026001;TES20260013;;taslak;;0;0;
GM2026001;TES20260014;;taslak;;0;0;
GM2026001;TES20260015;;taslak;;0;0;
GM2026001;TES20260016;;taslak;;0;0;
GM2026001;TES20260017;;taslak;;0;0;
GM2026001;TES20260018;;taslak;;0;0;
GM2026001;TES20260019;;taslak;;0;0;
GM2026001;TES20260020;;taslak;;0;0;
GM2026001;TES20260021;;taslak;;0;0;
GM2026001;TES20260022;;taslak;;0;0;
GM2026001;TES20260023;;taslak;;0;0;
GM2026001;TES20260024;;taslak;;0;0;
GM2026001;TES20260025;;taslak;;0;0;
GM2026001;TES20260026;;taslak;;0;0;
GM2026001;TES20260027;;taslak;;0;0;
GM2026001;TES20260028;;taslak;;0;0;
GM2026001;TES20260029;;taslak;;0;0;
GM2026001;TES20260030;;taslak;;0;0;
GM2026001;TES20260031;;taslak;;0;0;
GM2026001;TES20260032;;taslak;;0;0;
GM2026001;TES20260033;;taslak;;0;0;
GM2026001;TES20260034;;taslak;;0;0;
GM2026001;TES20260035;;taslak;;0;0;
GM2026001;TES20260036;;taslak;;0;0;
GM2026001;TES20260037;;taslak;;0;0;
GM2026001;TES20260038;;taslak;;0;0;
GM2026001;TES20260039;;taslak;;0;0;
GM2026001;TES20260040;;taslak;;0;0;
GM2026001;TES20260041;;taslak;;0;0;
GM2026001;TES20260042;;taslak;;0;0;
GM2026001;TES20260043;;taslak;;0;0;
GM2026001;TES20260044;;taslak;;0;0;
GM2026001;TES20260045;;taslak;;0;0;
GM2026001;TES20260046;;taslak;;0;0;
GM2026001;TES20260047;;taslak;;0;0;
GM2026001;TES20260048;;taslak;;0;0;
GM2026001;TES20260049;;taslak;;0;0;
GM2026001;TES20260050;;taslak;;0;0;
GM2026001;TES20260051;;taslak;;0;0;
GM2026001;TES20260052;;taslak;;0;0;
GM2026001;TES20260053;;taslak;;0;0;
GM2026001;TES20260054;;taslak;;0;0;
GM2026001;TES20260055;;taslak;;0;0;
GM2026001;TES20260056;;taslak;;0;0;
GM2026001;TES20260057;;taslak;;0;0;
GM2026001;TES20260058;;taslak;;0;0;
GM2026001;TES20260059;;taslak;;0;0;
GM2026001;TES20260060;;taslak;;0;0;
GM2026001;TES20260061;;taslak;;0;0;
GM2026001;TES20260062;;taslak;;0;0;
GM2026001;TES20260063;;taslak;;0;0;
GM2026001;TES20260064;;taslak;;0;0;
GM2026001;TES20260065;;taslak;;0;0;
GM2026001;TES20260066;;taslak;;0;0;
GM2026001;TES20260067;;taslak;;0;0;
GM2026001;TES20260068;;taslak;;0;0;
GM2026001;TES20260069;;taslak;;0;0;
GM2026001;TES20260070;;taslak;;0;0;
GM2026001;TES20260071;;taslak;;0;0;
GM2026001;TES20260072;;taslak;;0;0;
GM2026001;TES20260073;;taslak;;0;0;
GM2026001;TES20260074;;taslak;;0;0;
GM2026001;TES20260075;;taslak;;0;0;
GM2026001;TES20260076;;taslak;;0;0;
GM2026001;TES20260077;;taslak;;0;0;
GM2026001;TES20260078;;taslak;;0;0;
GM2026001;TES20260079;;taslak;;0;0;
GM2026001;TES20260080;;taslak;;0;0;
GM2026001;TES20260081;;taslak;;0;0;
GM2026001;TES20260082;;taslak;;0;0;
GM2026001;TES20260083;;taslak;;0;0;
GM2026001;TES20260084;;taslak;;0;0;
GM2026001;TES20260085;;taslak;;0;0;
GM2026001;TES20260086;;taslak;;0;0;
GM2026001;TES20260087;;taslak;;0;0;
GM2026001;TES20260088;;taslak;;0;0;
GM2026001;TES20260089;;taslak;;0;0;
GM2026001;TES20260090;;taslak;;0;0;
GM2026001;TES20260091;;taslak;;0;0;
GM2026001;TES20260092;;taslak;;0;0;
GM2026001;TES20260093;;taslak;;0;0;
GM2026001;TES20260094;;taslak;;0;0;
GM2026001;TES20260095;;taslak;;0;0;
GM2026001;TES20260096;;taslak;;0;0;
GM2026001;TES20260097;;taslak;;0;0;
GM2026001;TES20260098;;taslak;;0;0;
GM2026001;TES20260099;;taslak;;0;0;
GM2026001;TES20260100;;taslak;;0;0;
GM2026001;TES20260101;;taslak;;0;0;
GM2026001;TES20260102;;taslak;;0;0;
GM2026001;TES20260103;;taslak;;0;0;
GM2026001;TES20260104;;taslak;;0;0;
GM2026001;TES20260105;;taslak;;0;0;
GM2026001;TES20260106;;taslak;;0;0;
GM2026001;TES20260107;;taslak;;0;0;
GM2026001;TES20260108;;taslak;;0;0;
GM2026001;TES20260109;;taslak;;0;0;
GM2026001;TES20260110;;taslak;;0;0;
GM2026001;TES20260111;;taslak;;0;0;
GM2026001;TES20260112;;taslak;;0;0;
GM2026001;TES20260113;;taslak;;0;0;
GM2026001;TES20260114;;taslak;;0;0;
GM2026001;TES20260115;;taslak;;0;0;
GM2026001;TES20260116;;taslak;;0;0;
GM2026001;TES20260117;;taslak;;0;0;
GM2026001;TES20260118;;taslak;;0;0;
GM2026001;TES20260119;;taslak;;0;0;
GM2026001;TES20260120;;taslak;;0;0;
GM2026001;TES20260121;;taslak;;0;0;
GM2026001;TES20260122;;taslak;;0;0;
GM2026001;TES20260123;;taslak;;0;0;
GM2026001;TES20260124;;taslak;;0;0;
GM2026001;TES20260125;;taslak;;0;0;
GM2026001;TES20260126;;taslak;;0;0;
GM2026001;TES20260127;;taslak;;0;0;
GM2026001;TES20260128;;taslak;;0;0;
GM2026001;TES20260129;;taslak;;0;0;
GM2026001;TES20260130;;taslak;;0;0;
GM2026001;TES20260131;;taslak;;0;0;
GM2026001;TES20260132;;taslak;;0;0;
GM2026001;TES20260133;;taslak;;0;0;
GM2026001;TES20260134;;taslak;;0;0;
GM2026001;TES20260135;;taslak;;0;0;
GM2026001;TES20260136;;taslak;;0;0;
GM2026001;TES20260137;;taslak;;0;0;
GM2026001;TES20260138;;taslak;;0;0;
GM2026001;TES20260139;;taslak;;0;0;
GM2026001;TES20260140;;taslak;;0;0;
GM2026001;TES20260141;;taslak;;0;0;
GM2026001;TES20260142;;taslak;;0;0;
GM2026001;TES20260143;;taslak;;0;0;
GM2026001;TES20260144;;taslak;;0;0;
GM2026001;TES20260145;;taslak;;0;0;
GM2026001;TES20260146;;taslak;;0;0;
GM2026001;TES20260147;;taslak;;0;0;
GM2026001;TES20260148;;taslak;;0;0;
GM2026001;TES20260149;;taslak;;0;0;
GM2026001;TES20260150;;taslak;;0;0;
GM2026001;TES20260151;;taslak;;0;0;
GM2026001;TES20260152;;taslak;;0;0;
GM2026001;TES20260153;;taslak;;0;0;
GM2026001;TES20260154;;taslak;;0;0;
GM2026001;TES20260155;;taslak;;0;0;
GM2026001;TES20260156;;taslak;;0;0;
GM2026001;TES20260157;;taslak;;0;0;
GM2026001;TES20260158;;taslak;;0;0;
GM2026001;TES20260159;;taslak;;0;0;
GM2026001;TES20260160;;taslak;;0;0;
GM2026001;TES20260161;;taslak;;0;0;
GM2026001;TES20260162;;taslak;;0;0;
GM2026001;TES20260163;;taslak;;0;0;
GM2026001;TES20260164;;taslak;;0;0;
GM2026001;TES20260165;;taslak;;0;0;
GM2026001;TES20260166;;taslak;;0;0;
GM2026001;TES20260167;;taslak;;0;0;
GM2026001;TES20260168;;taslak;;0;0;
GM2026001;TES20260169;;taslak;;0;0;
GM2026001;TES20260170;;taslak;;0;0;
GM2026001;TES20260171;;taslak;;0;0;
GM2026001;TES20260172;;taslak;;0;0;
GM2026001;TES20260173;;taslak;;0;0;
GM2026001;TES20260174;;taslak;;0;0;
GM2026001;TES20260175;;taslak;;0;0;
GM2026001;TES20260176;;taslak;;0;0;
GM2026001;TES20260177;;taslak;;0;0;
GM2026001;TES20260178;;taslak;;0;0;
GM2026001;TES20260179;;taslak;;0;0;
GM2026001;TES20260180;;taslak;;0;0;
GM2026001;TES20260181;;taslak;;0;0;
GM2026001;TES20260182;;taslak;;0;0;
GM2026001;TES20260183;;taslak;;0;0;
GM2026001;TES20260184;;taslak;;0;0;
GM2026001;TES20260185;;taslak;;0;0;
GM2026001;TES20260186;;taslak;;0;0;
GM2026001;TES20260187;;taslak;;0;0;
GM2026001;TES20260188;;taslak;;0;0;
GM2026001;TES20260189;;taslak;;0;0;
GM2026001;TES20260190;;taslak;;0;0;
GM2026001;TES20260191;;taslak;;0;0;
GM2026001;TES20260192;;taslak;;0;0;
GM2026001;TES20260193;;taslak;;0;0;
GM2026001;TES20260194;;taslak;;0;0;
GM2026001;TES20260195;;taslak;;0;0;
GM2026001;TES20260196;;taslak;;0;0;
GM2026001;TES20260197;;taslak;;0;0;
GM2026001;TES20260198;;taslak;;0;0;
GM2026001;TES20260199;;taslak;;0;0;
GM2026001;TES20260200;;taslak;;0;0;
GM2026001;TES20260201;;taslak;;0;0;
GM2026001;TES20260202;;taslak;;0;0;
GM2026001;TES20260203;;taslak;;0;0;
GM2026001;TES20260204;;taslak;;0;0;
GM2026001;TES20260205;;taslak;;0;0;
GM2026001;TES20260206;;taslak;;0;0;
GM2026001;TES20260207;;taslak;;0;0;
GM2026001;TES20260208;;taslak;;0;0;
GM2026001;TES20260209;;taslak;;0;0;
GM2026001;TES20260210;;taslak;;0;0;
GM2026001;TES20260211;;taslak;;0;0;
GM2026001;TES20260212;;taslak;;0;0;
GM2026001;TES20260213;;taslak;;0;0;
GM2026001;TES20260214;;taslak;;0;0;
GM2026001;TES20260215;;taslak;;0;0;
GM2026001;TES20260216;;taslak;;0;0;
GM2026001;TES20260217;;taslak;;0;0;
GM2026001;TES20260218;;taslak;;0;0;
GM2026001;TES20260219;;taslak;;0;0;
GM2026001;TES20260220;;taslak;;0;0;
GM2026001;TES20260221;;taslak;;0;0;
GM2026001;TES20260222;;taslak;;0;0;
GM2026001;TES20260223;;taslak;;0;0;
GM2026001;TES20260224;;taslak;;0;0;
GM2026001;TES20260225;;taslak;;0;0;
GM2026001;TES20260226;;taslak;;0;0;
GM2026001;TES20260227;;taslak;;0;0;
GM2026001;TES20260228;;taslak;;0;0;
GM2026001;TES20260229;;taslak;;0;0;
GM2026001;TES20260230;;taslak;;0;0;
GM2026001;TES20260231;;taslak;;0;0;
GM2026001;TES20260232;;taslak;;0;0;
GM2026001;TES20260233;;taslak;;0;0;
GM2026001;TES20260234;;taslak;;0;0;
GM2026001;TES20260235;;taslak;;0;0;
GM2026001;TES20260236;;taslak;;0;0;
GM2026001;TES20260237;;taslak;;0;0;
GM2026001;TES20260238;;taslak;;0;0;
GM2026001;TES20260239;;taslak;;0;0;
GM2026001;TES20260240;;taslak;;0;0;
GM2026001;TES20260241;;taslak;;0;0;
GM2026001;TES20260242;;taslak;;0;0;
GM2026001;TES20260243;;taslak;;0;0;
GM2026001;TES20260244;;taslak;;0;0;
GM2026001;TES20260245;;taslak;;0;0;
GM2026001;TES20260246;;taslak;;0;0;
GM2026001;TES20260247;;taslak;;0;0;
GM2026001;TES20260248;;taslak;;0;0;
GM2026001;TES20260249;;taslak;;0;0;
GM2026001;TES20260250;;taslak;;0;0;
GM2026001;TES20260251;;taslak;;0;0;
GM2026001;TES20260252;;taslak;;0;0;
GM2026001;TES20260253;;taslak;;0;0;
GM2026001;TES20260254;;taslak;;0;0;
GM2026001;TES20260255;;taslak;;0;0;
GM2026001;TES20260256;;taslak;;0;0;
GM2026001;TES20260257;;taslak;;0;0;
GM2026001;TES20260258;;taslak;;0;0;
GM2026001;TES20260259;;taslak;;0;0;
GM2026001;TES20260260;;taslak;;0;0;
GM2026001;TES20260261;;taslak;;0;0;
GM2026001;TES20260262;;taslak;;0;0;
GM2026001;TES20260263;;taslak;;0;0;
GM2026001;TES20260264;;taslak;;0;0;
GM2026001;TES20260265;;taslak;;0;0;
GM2026001;TES20260266;;taslak;;0;0;
GM2026001;TES20260267;;taslak;;0;0;
GM2026001;TES20260268;;taslak;;0;0;
GM2026001;TES20260269;;taslak;;0;0;
GM2026001;TES20260270;;taslak;;0;0;
GM2026001;TES20260271;;taslak;;0;0;
GM2026001;TES20260272;;taslak;;0;0;
GM2026001;TES20260273;;taslak;;0;0;
GM2026001;TES20260274;;taslak;;0;0;
GM2026001;TES20260275;;taslak;;0;0;
GM2026001;TES20260276;;taslak;;0;0;
GM2026001;TES20260277;;taslak;;0;0;
GM2026001;TES20260278;;taslak;;0;0;
GM2026001;TES20260279;;taslak;;0;0;
GM2026001;TES20260280;;taslak;;0;0;
GM2026001;TES20260281;;taslak;;0;0;
GM2026001;TES20260282;;taslak;;0;0;
GM2026001;TES20260283;;taslak;;0;0;
GM2026001;TES20260284;;taslak;;0;0;
GM2026001;TES20260285;;taslak;;0;0;
GM2026001;TES20260286;;taslak;;0;0;
GM2026001;TES20260287;;taslak;;0;0;
GM2026001;TES20260288;;taslak;;0;0;
GM2026001;TES20260289;;taslak;;0;0;
GM2026001;TES20260290;;taslak;;0;0;
GM2026001;TES20260291;;taslak;;0;0;
GM2026001;TES20260292;;taslak;;0;0;
GM2026001;TES20260293;;taslak;;0;0;
GM2026001;TES20260294;;taslak;;0;0;
GM2026001;TES20260295;;taslak;;0;0;
GM2026001;TES20260296;;taslak;;0;0;
GM2026001;TES20260297;;taslak;;0;0;
GM2026001;TES20260298;;taslak;;0;0;
GM2026001;TES20260299;;taslak;;0;0;
GM2026001;TES20260300;;taslak;;0;0;
GM2026001;TES20260301;;taslak;;0;0;
GM2026001;TES20260302;;taslak;;0;0;
GM2026001;TES20260303;;taslak;;0;0;
GM2026001;TES20260304;;taslak;;0;0;
GM2026001;TES20260305;;taslak;;0;0;
GM2026001;TES20260306;;taslak;;0;0;
GM2026001;TES20260307;;taslak;;0;0;
GM2026001;TES20260308;;taslak;;0;0;
GM2026001;TES20260309;;taslak;;0;0;
GM2026001;TES20260310;;taslak;;0;0;
GM2026001;TES20260311;;taslak;;0;0;
GM2026001;TES20260312;;taslak;;0;0;
GM2026001;TES20260313;;taslak;;0;0;
GM2026001;TES20260314;;taslak;;0;0;
GM2026001;TES20260315;;taslak;;0;0;
GM2026001;TES20260316;;taslak;;0;0;
GM2026001;TES20260317;;taslak;;0;0;
GM2026001;TES20260318;;taslak;;0;0;
GM2026001;TES20260319;;taslak;;0;0;
GM2026001;TES20260320;;taslak;;0;0;
GM2026001;TES20260321;;taslak;;0;0;
GM2026001;TES20260322;;taslak;;0;0;
GM2026001;TES20260323;;taslak;;0;0;
GM2026001;TES20260324;;taslak;;0;0;
GM2026001;TES20260325;;taslak;;0;0;
GM2026001;TES20260326;;taslak;;0;0;
GM2026001;TES20260327;;taslak;;0;0;
GM2026001;TES20260328;;taslak;;0;0;
GM2026001;TES20260329;;taslak;;0;0;
GM2026001;TES20260330;;taslak;;0;0;
GM2026001;TES20260331;;taslak;;0;0;
GM2026001;TES20260332;;taslak;;0;0;
GM2026001;TES20260333;;taslak;;0;0;
GM2026001;TES20260334;;taslak;;0;0;
GM2026001;TES20260335;;taslak;;0;0;
GM2026001;TES20260336;;taslak;;0;0;
GM2026001;TES20260337;;taslak;;0;0;
GM2026001;TES20260338;;taslak;;0;0;
GM2026001;TES20260339;;taslak;;0;0;
GM2026001;TES20260340;;taslak;;0;0;
GM2026001;TES20260341;;taslak;;0;0;
GM2026001;TES20260342;;taslak;;0;0;
GM2026001;TES20260343;;taslak;;0;0;
GM2026001;TES20260344;;taslak;;0;0;
GM2026001;TES20260345;;taslak;;0;0;
GM2026001;TES20260346;;taslak;;0;0;
GM2026001;TES20260347;;taslak;;0;0;
GM2026001;TES20260348;;taslak;;0;0;
GM2026001;TES20260349;;taslak;;0;0;
GM2026001;TES20260350;;taslak;;0;0;
GM2026001;TES20260351;;taslak;;0;0;
GM2026001;TES20260352;;taslak;;0;0;
GM2026001;TES20260353;;taslak;;0;0;
GM2026001;TES20260354;;taslak;;0;0;
GM2026001;TES20260355;;taslak;;0;0;
GM2026001;TES20260356;;taslak;;0;0;
GM2026001;TES20260357;;taslak;;0;0;
GM2026001;TES20260358;;taslak;;0;0;
GM2026001;TES20260359;;taslak;;0;0;
GM2026001;TES20260360;;taslak;;0;0;
GM2026001;TES20260361;;taslak;;0;0;
GM2026001;TES20260362;;taslak;;0;0;
GM2026001;TES20260363;;taslak;;0;0;
GM2026001;TES20260364;;taslak;;0;0;
GM2026001;TES20260365;;taslak;;0;0;
GM2026001;TES20260366;;taslak;;0;0;
GM2026001;TES20260367;;taslak;;0;0;
GM2026001;TES20260368;;taslak;;0;0;
GM2026001;TES20260369;;taslak;;0;0;
GM2026001;TES20260370;;taslak;;0;0;
GM2026001;TES20260371;;taslak;;0;0;
GM2026001;TES20260372;;taslak;;0;0;
GM2026001;TES20260373;;taslak;;0;0;
GM2026001;TES20260374;;taslak;;0;0;
GM2026001;TES20260375;;taslak;;0;0;
GM2026001;TES20260376;;taslak;;0;0;
GM2026001;TES20260377;;taslak;;0;0;
GM2026001;TES20260378;;taslak;;0;0;
GM2026001;TES20260379;;taslak;;0;0;
GM2026001;TES20260380;;taslak;;0;0;
GM2026001;TES20260381;;taslak;;0;0;
GM2026001;TES20260382;;taslak;;0;0;
GM2026001;TES20260383;;taslak;;0;0;
GM2026001;TES20260384;;taslak;;0;0;
GM2026001;TES20260385;;taslak;;0;0;
GM2026001;TES20260386;;taslak;;0;0;
GM2026001;TES20260387;;taslak;;0;0;
GM2026001;TES20260388;;taslak;;0;0;
GM2026001;TES20260389;;taslak;;0;0;
GM2026001;TES20260390;;taslak;;0;0;
GM2026001;TES20260391;;taslak;;0;0;
GM2026001;TES20260392;;taslak;;0;0;
GM2026001;TES20260393;;taslak;;0;0;
GM2026001;TES20260394;;taslak;;0;0;
GM2026001;TES20260395;;taslak;;0;0;
GM2026001;TES20260396;;taslak;;0;0;
GM2026001;TES20260397;;taslak;;0;0;
GM2026001;TES20260398;;taslak;;0;0;
GM2026001;TES20260399;;taslak;;0;0;
GM2026001;TES20260400;;taslak;;0;0;
GM2026001;TES20260401;;taslak;;0;0;
GM2026001;TES20260402;;taslak;;0;0;
GM2026001;TES20260403;;taslak;;0;0;
GM2026001;TES20260404;;taslak;;0;0;
GM2026001;TES20260405;;taslak;;0;0;
GM2026001;TES20260406;;taslak;;0;0;
GM2026001;TES20260407;;taslak;;0;0;
GM2026001;TES20260408;;taslak;;0;0;
GM2026001;TES20260409;;taslak;;0;0;
GM2026001;TES20260410;;taslak;;0;0;
GM2026001;TES20260411;;taslak;;0;0;
GM2026001;TES20260412;;taslak;;0;0;
GM2026001;TES20260413;;taslak;;0;0;
GM2026001;TES20260414;;taslak;;0;0;
GM2026001;TES20260415;;taslak;;0;0;
GM2026001;TES20260416;;taslak;;0;0;
GM2026001;TES20260417;;taslak;;0;0;
GM2026001;TES20260418;;taslak;;0;0;
GM2026001;TES20260419;;taslak;;0;0;
GM2026001;TES20260420;;taslak;;0;0;
GM2026001;TES20260421;;taslak;;0;0;
GM2026001;TES20260422;;taslak;;0;0;
GM2026001;TES20260423;;taslak;;0;0;
GM2026001;TES20260424;;taslak;;0;0;
GM2026001;TES20260425;;taslak;;0;0;
GM2026001;TES20260426;;taslak;;0;0;
GM2026001;TES20260427;;taslak;;0;0;
GM2026001;TES20260428;;taslak;;0;0;
GM2026001;TES20260429;;taslak;;0;0;
GM2026001;TES20260430;;taslak;;0;0;
GM2026001;TES20260431;;taslak;;0;0;
GM2026001;TES20260432;;taslak;;0;0;
GM2026001;TES20260433;;taslak;;0;0;
GM2026001;TES20260434;;taslak;;0;0;
GM2026001;TES20260435;;taslak;;0;0;
GM2026001;TES20260436;;taslak;;0;0;
GM2026001;TES20260437;;taslak;;0;0;
GM2026001;TES20260438;;taslak;;0;0;
GM2026001;TES20260439;;taslak;;0;0;
GM2026001;TES20260440;;taslak;;0;0;
GM2026001;TES20260441;;taslak;;0;0;
GM2026001;TES20260442;;taslak;;0;0;
GM2026001;TES20260443;;taslak;;0;0;
GM2026001;TES20260444;;taslak;;0;0;
GM2026001;TES20260445;;taslak;;0;0;
GM2026001;TES20260446;;taslak;;0;0;
GM2026001;TES20260447;;taslak;;0;0;
GM2026001;TES20260448;;taslak;;0;0;
GM2026001;TES20260449;;taslak;;0;0;
GM2026001;TES20260450;;taslak;;0;0;
GM2026001;TES20260451;;taslak;;0;0;
GM2026001;TES20260452;;taslak;;0;0;
GM2026001;TES20260453;;taslak;;0;0;
GM2026001;TES20260454;;taslak;;0;0;
GM2026001;TES20260455;;taslak;;0;0;
GM2026001;TES20260456;;taslak;;0;0;
GM2026001;TES20260457;;taslak;;0;0;
GM2026001;TES20260458;;taslak;;0;0;
GM2026001;TES20260459;;taslak;;0;0;
GM2026001;TES20260460;;taslak;;0;0;
GM2026001;TES20260461;;taslak;;0;0;
GM2026001;TES20260462;;taslak;;0;0;
GM2026001;TES20260463;;taslak;;0;0;
GM2026001;TES20260464;;taslak;;0;0;
GM2026001;TES20260465;;taslak;;0;0;
GM2026001;TES20260466;;taslak;;0;0;
GM2026001;TES20260467;;taslak;;0;0;
GM2026001;TES20260468;;taslak;;0;0;
GM2026001;TES20260469;;taslak;;0;0;
GM2026001;TES20260470;;taslak;;0;0;
GM2026001;TES20260471;;taslak;;0;0;
GM2026001;TES20260472;;taslak;;0;0;
GM2026001;TES20260473;;taslak;;0;0;
GM2026001;TES20260474;;taslak;;0;0;
GM2026001;TES20260475;;taslak;;0;0;
GM2026001;TES20260476;;taslak;;0;0;
GM2026001;TES20260477;;taslak;;0;0;
GM2026001;TES20260478;;taslak;;0;0;
GM2026001;TES20260479;;taslak;;0;0;
GM2026001;TES20260480;;taslak;;0;0;
GM2026001;TES20260481;;taslak;;0;0;
GM2026001;TES20260482;;taslak;;0;0;
GM2026001;TES20260483;;taslak;;0;0;
GM2026001;TES20260484;;taslak;;0;0;
GM2026001;TES20260485;;taslak;;0;0;
GM2026001;TES20260486;;taslak;;0;0;
GM2026001;TES20260487;;taslak;;0;0;
GM2026001;TES20260488;;taslak;;0;0;
GM2026001;TES20260489;;taslak;;0;0;
GM2026001;TES20260490;;taslak;;0;0;
GM2026001;TES20260491;;taslak;;0;0;
GM2026001;TES20260492;;taslak;;0;0;
GM2026001;TES20260493;;taslak;;0;0;
GM2026001;TES20260494;;taslak;;0;0;
GM2026001;TES20260495;;taslak;;0;0;
GM2026001;TES20260496;;taslak;;0;0;
GM2026001;TES20260497;;taslak;;0;0;
GM2026001;TES20260498;;taslak;;0;0;
GM2026001;TES20260499;;taslak;;0;0;
GM2026001;TES20260500;;taslak;;0;0;
GM2026001;TES20260501;;taslak;;0;0;
GM2026001;TES20260502;;taslak;;0;0;
GM2026001;TES20260503;;taslak;;0;0;
GM2026001;TES20260504;;taslak;;0;0;
GM2026001;TES20260505;;taslak;;0;0;
GM2026001;TES20260506;;taslak;;0;0;
GM2026001;TES20260507;;taslak;;0;0;
GM2026001;TES20260508;;taslak;;0;0;
GM2026001;TES20260509;;taslak;;0;0;
GM2026001;TES20260510;;taslak;;0;0;
GM2026001;TES20260511;;taslak;;0;0;
GM2026001;TES20260512;;taslak;;0;0;
GM2026001;TES20260513;;taslak;;0;0;
GM2026001;TES20260514;;taslak;;0;0;
GM2026001;TES20260515;;taslak;;0;0;
GM2026001;TES20260516;;taslak;;0;0;
GM2026001;TES20260517;;taslak;;0;0;
GM2026001;TES20260518;;taslak;;0;0;
GM2026001;TES20260519;;taslak;;0;0;
GM2026001;TES20260520;;taslak;;0;0;
GM2026001;TES20260521;;taslak;;0;0;
GM2026001;TES20260522;;taslak;;0;0;
GM2026001;TES20260523;;taslak;;0;0;
GM2026001;TES20260524;;taslak;;0;0;
GM2026001;TES20260525;;taslak;;0;0;
GM2026001;TES20260526;;taslak;;0;0;
GM2026001;TES20260527;;taslak;;0;0;
GM2026001;TES20260528;;taslak;;0;0;
GM2026001;TES20260529;;taslak;;0;0;
GM2026001;TES20260530;;taslak;;0;0;
GM2026001;TES20260531;;taslak;;0;0;
GM2026001;TES20260532;;taslak;;0;0;
GM2026001;TES20260533;;taslak;;0;0;
GM2026001;TES20260534;;taslak;;0;0;
GM2026001;TES20260535;;taslak;;0;0;
GM2026001;TES20260536;;taslak;;0;0;
GM2026001;TES20260537;;taslak;;0;0;
GM2026001;TES20260538;;taslak;;0;0;
GM2026001;TES20260539;;taslak;;0;0;
GM2026001;TES20260540;;taslak;;0;0;
GM2026001;TES20260541;;taslak;;0;0;
GM2026001;TES20260542;;taslak;;0;0;
GM2026001;TES20260543;;taslak;;0;0;
GM2026001;TES20260544;;taslak;;0;0;
GM2026001;TES20260545;;taslak;;0;0;
GM2026001;TES20260546;;taslak;;0;0;
GM2026001;TES20260547;;taslak;;0;0;
GM2026001;TES20260548;;taslak;;0;0;
GM2026001;TES20260549;;taslak;;0;0;
GM2026001;TES20260550;;taslak;;0;0;
GM2026001;TES20260551;;taslak;;0;0;
GM2026001;TES20260552;;taslak;;0;0;
GM2026001;TES20260553;;taslak;;0;0;
GM2026001;TES20260554;;taslak;;0;0;
GM2026001;TES20260555;;taslak;;0;0;
GM2026001;TES20260556;;taslak;;0;0;
GM2026001;TES20260557;;taslak;;0;0;
GM2026001;TES20260558;;taslak;;0;0;
GM2026001;TES20260559;;taslak;;0;0;
GM2026001;TES20260560;;taslak;;0;0;
GM2026001;TES20260561;;taslak;;0;0;
GM2026001;TES20260562;;taslak;;0;0;
GM2026001;TES20260563;;taslak;;0;0;
GM2026001;TES20260564;;taslak;;0;0;
GM2026001;TES20260565;;taslak;;0;0;
GM2026001;TES20260566;;taslak;;0;0;
GM2026001;TES20260567;;taslak;;0;0;
GM2026001;TES20260568;;taslak;;0;0;
GM2026001;TES20260569;;taslak;;0;0;
GM2026001;TES20260570;;taslak;;0;0;
GM2026001;TES20260571;;taslak;;0;0;
GM2026001;TES20260572;;taslak;;0;0;
GM2026001;TES20260573;;taslak;;0;0;
GM2026001;TES20260574;;taslak;;0;0;
GM2026001;TES20260575;;taslak;;0;0;
GM2026001;TES20260576;;taslak;;0;0;
GM2026001;TES20260577;;taslak;;0;0;
GM2026001;TES20260578;;taslak;;0;0;
GM2026001;TES20260579;;taslak;;0;0;
GM2026001;TES20260580;;taslak;;0;0;
GM2026001;TES20260581;;taslak;;0;0;
GM2026001;TES20260582;;taslak;;0;0;
GM2026001;TES20260583;;taslak;;0;0;
GM2026001;TES20260584;;taslak;;0;0;
GM2026001;TES20260585;;taslak;;0;0;
GM2026001;TES20260586;;taslak;;0;0;
GM2026001;TES20260587;;taslak;;0;0;
GM2026001;TES20260588;;taslak;;0;0;
GM2026001;TES20260589;;taslak;;0;0;
GM2026001;TES20260590;;taslak;;0;0;
GM2026001;TES20260591;;taslak;;0;0;
GM2026001;TES20260592;;taslak;;0;0;
GM2026001;TES20260593;;taslak;;0;0;
GM2026001;TES20260594;;taslak;;0;0;
GM2026001;TES20260595;;taslak;;0;0;
GM2026001;TES20260596;;taslak;;0;0;
GM2026001;TES20260597;;taslak;;0;0;
GM2026001;TES20260598;;taslak;;0;0;
GM2026001;TES20260599;;taslak;;0;0;
GM2026001;TES20260600;;taslak;;0;0;
GM2026001;TES20260601;;taslak;;0;0;
GM2026001;TES20260602;;taslak;;0;0;
GM2026001;TES20260603;;taslak;;0;0;
GM2026001;TES20260604;;taslak;;0;0;
GM2026001;TES20260605;;taslak;;0;0;
GM2026001;TES20260606;;taslak;;0;0;
GM2026001;TES20260607;;taslak;;0;0;
GM2026001;TES20260608;;taslak;;0;0;
GM2026001;TES20260609;;taslak;;0;0;
GM2026001;TES20260610;;taslak;;0;0;
GM2026001;TES20260611;;taslak;;0;0;
GM2026001;TES20260612;;taslak;;0;0;
GM2026001;TES20260613;;taslak;;0;0;
GM2026001;TES20260614;;taslak;;0;0;
GM2026001;TES20260615;;taslak;;0;0;
GM2026001;TES20260616;;taslak;;0;0;
GM2026001;TES20260617;;taslak;;0;0;
GM2026001;TES20260618;;taslak;;0;0;
GM2026001;TES20260619;;taslak;;0;0;
GM2026001;TES20260620;;taslak;;0;0;
GM2026001;TES20260621;;taslak;;0;0;
GM2026001;TES20260622;;taslak;;0;0;
GM2026001;TES20260623;;taslak;;0;0;
GM2026001;TES20260624;;taslak;;0;0;
GM2026001;TES20260625;;taslak;;0;0;
GM2026001;TES20260626;;taslak;;0;0;
GM2026001;TES20260627;;taslak;;0;0;
GM2026001;TES20260628;;taslak;;0;0;
GM2026001;TES20260629;;taslak;;0;0;
GM2026001;TES20260630;;taslak;;0;0;
GM2026001;TES20260631;;taslak;;0;0;
GM2026001;TES20260632;;taslak;;0;0;
GM2026001;TES20260633;;taslak;;0;0;
GM2026001;TES20260634;;taslak;;0;0;
GM2026001;TES20260635;;taslak;;0;0;
GM2026001;TES20260636;;taslak;;0;0;
GM2026001;TES20260637;;taslak;;0;0;
GM2026001;TES20260638;;taslak;;0;0;
GM2026001;TES20260639;;taslak;;0;0;
GM2026001;TES20260640;;taslak;;0;0;
GM2026001;TES20260641;;taslak;;0;0;
GM2026001;TES20260642;;taslak;;0;0;
GM2026001;TES20260643;;taslak;;0;0;
GM2026001;TES20260644;;taslak;;0;0;
GM2026001;TES20260645;;taslak;;0;0;
GM2026001;TES20260646;;taslak;;0;0;
GM2026001;TES20260647;;taslak;;0;0;
GM2026001;TES20260648;;taslak;;0;0;
GM2026001;TES20260649;;taslak;;0;0;
GM2026001;TES20260650;;taslak;;0;0;
GM2026001;TES20260651;;taslak;;0;0;
GM2026001;TES20260652;;taslak;;0;0;
GM2026001;TES20260653;;taslak;;0;0;
GM2026001;TES20260654;;taslak;;0;0;
GM2026001;TES20260655;;taslak;;0;0;
GM2026001;TES20260656;;taslak;;0;0;
GM2026001;TES20260657;;taslak;;0;0;
GM2026001;TES20260658;;taslak;;0;0;
GM2026001;TES20260659;;taslak;;0;0;
GM2026001;TES20260660;;taslak;;0;0;
GM2026001;TES20260661;;taslak;;0;0;
GM2026001;TES20260662;;taslak;;0;0;
GM2026001;TES20260663;;taslak;;0;0;
GM2026001;TES20260664;;taslak;;0;0;
GM2026001;TES20260665;;taslak;;0;0;
GM2026001;TES20260666;;taslak;;0;0;
GM2026001;TES20260667;;taslak;;0;0;
GM2026001;TES20260668;;taslak;;0;0;
GM2026001;TES20260669;;taslak;;0;0;
GM2026001;TES20260670;;taslak;;0;0;
GM2026001;TES20260671;;taslak;;0;0;
GM2026001;TES20260672;;taslak;;0;0;
GM2026001;TES20260673;;taslak;;0;0;
GM2026001;TES20260674;;taslak;;0;0;
GM2026001;TES20260675;;taslak;;0;0;
GM2026001;TES20260676;;taslak;;0;0;
GM2026001;TES20260677;;taslak;;0;0;
GM2026001;TES20260678;;taslak;;0;0;
GM2026001;TES20260679;;taslak;;0;0;
GM2026001;TES20260680;;taslak;;0;0;
GM2026001;TES20260681;;taslak;;0;0;
GM2026001;TES20260682;;taslak;;0;0;
GM2026001;TES20260683;;taslak;;0;0;
GM2026001;TES20260684;;taslak;;0;0;
GM2026001;TES20260685;;taslak;;0;0;
GM2026001;TES20260686;;taslak;;0;0;
GM2026001;TES20260687;;taslak;;0;0;
GM2026001;TES20260688;;taslak;;0;0;
GM2026001;TES20260689;;taslak;;0;0;
GM2026001;TES20260690;;taslak;;0;0;
GM2026001;TES20260691;;taslak;;0;0;
GM2026001;TES20260692;;taslak;;0;0;
GM2026001;TES20260693;;taslak;;0;0;
GM2026001;TES20260694;;taslak;;0;0;
GM2026001;TES20260695;;taslak;;0;0;
GM2026001;TES20260696;;taslak;;0;0;
GM2026001;TES20260697;;taslak;;0;0;
GM2026001;TES20260698;;taslak;;0;0;
GM2026001;TES20260699;;taslak;;0;0;
GM2026001;TES20260700;;taslak;;0;0;
GM2026001;TES20260701;;taslak;;0;0;
GM2026001;TES20260702;;taslak;;0;0;
GM2026001;TES20260703;;taslak;;0;0;
GM2026001;TES20260704;;taslak;;0;0;
GM2026001;TES20260705;;taslak;;0;0;
GM2026001;TES20260706;;taslak;;0;0;
GM2026001;TES20260707;;taslak;;0;0;
GM2026001;TES20260708;;taslak;;0;0;
GM2026001;TES20260709;;taslak;;0;0;
GM2026001;TES20260710;;taslak;;0;0;
GM2026001;TES20260711;;taslak;;0;0;
GM2026001;TES20260712;;taslak;;0;0;
GM2026001;TES20260713;;taslak;;0;0;
GM2026001;TES20260714;;taslak;;0;0;
GM2026001;TES20260715;;taslak;;0;0;
GM2026001;TES20260716;;taslak;;0;0;
GM2026001;TES20260717;;taslak;;0;0;
GM2026001;TES20260718;;taslak;;0;0;
GM2026001;TES20260719;;taslak;;0;0;
GM2026001;TES20260720;;taslak;;0;0;
GM2026001;TES20260721;;taslak;;0;0;
GM2026001;TES20260722;;taslak;;0;0;
GM2026001;TES20260723;;taslak;;0;0;
GM2026001;TES20260724;;taslak;;0;0;
GM2026001;TES20260725;;taslak;;0;0;
GM2026001;TES20260726;;taslak;;0;0;
GM2026001;TES20260727;;taslak;;0;0;
GM2026001;TES20260728;;taslak;;0;0;
GM2026001;TES20260729;;taslak;;0;0;
GM2026001;TES20260730;;taslak;;0;0;
GM2026001;TES20260731;;taslak;;0;0;
GM2026001;TES20260732;;taslak;;0;0;
GM2026001;TES20260733;;taslak;;0;0;
GM2026001;TES20260734;;taslak;;0;0;